f_id,i_id,disp.ratio_mean_10,ela_distr.number_of_peaks,ela_distr.skewness,ela_level.lda_mda_10,ela_level.lda_mda_25,ela_level.lda_mda_50,ela_level.lda_qda_10,ela_level.lda_qda_25,ela_level.lda_qda_50,ela_level.mmce_lda_25,ela_level.mmce_lda_50,ela_level.mmce_mda_10,ela_level.mmce_mda_50,ela_level.mmce_qda_10,ela_level.qda_mda_25,ela_level.qda_mda_50,ela_meta.lin_simple.adj_r2,ela_meta.lin_simple.coef.max_by_min,ela_meta.lin_simple.intercept,ela_meta.quad_simple.cond,ela_meta.quad_w_interact.adj_r2,ic.eps.s,nbc.nb_fitness.cor,nbc.nn_nb.cor,pca.expl_var.cor_init,pca.expl_var_PC1.cor_x,pca.expl_var_PC1.cov_init
4.0,1.0,-0.19631112684704805,0.07155094463942453,-0.030969670645773013,0.018895606035020145,0.003945214595074136,0.003000264665885901,-0.01748385120757191,-0.06042669205435204,-0.035754730720885405,0.008930169131043697,-0.007404943211669208,0.009043277529141596,0.00441354941552439,0.03838713540454792,0.005600568662237696,-0.004330029150351946,0.002835373951388748,-0.0061318358449650185,-0.023308332827390057,0.013897848407563007,0.013565927423479961,0.04041928215997061,0.00861283384859548,0.004152089877999821,-0.0008144702307484813,0.002022046773977923,0.083701043817697
