f_id,i_id,disp.ratio_mean_10,ela_distr.number_of_peaks,ela_distr.skewness,ela_level.lda_mda_10,ela_level.lda_mda_25,ela_level.lda_mda_50,ela_level.lda_qda_10,ela_level.lda_qda_25,ela_level.lda_qda_50,ela_level.mmce_lda_25,ela_level.mmce_lda_50,ela_level.mmce_mda_10,ela_level.mmce_qda_10,ela_level.mmce_qda_50,ela_level.qda_mda_25,ela_level.qda_mda_50,ela_meta.lin_simple.coef.max_by_min,ela_meta.lin_simple.coef.min,ela_meta.lin_w_interact.adj_r2,ela_meta.quad_simple.cond,ic.eps.s,ic.h.max,nbc.nb_fitness.cor,nbc.nn_nb.cor,pca.expl_var.cor_init,pca.expl_var.cov_init,pca.expl_var_PC1.cor_init,pca.expl_var_PC1.cor_x
22.0,1.0,0.012423295628254236,-0.13699511366438255,0.06649730419018458,0.04597978135363217,-0.04411283875456296,-0.022367568301258734,0.014399022182823988,0.0020666313981174012,-0.025452462415702183,-0.02092352148526833,0.024790803274427682,-0.03632416200623668,-0.0011234991439735146,-0.06569892506458956,-0.03160622793199931,-0.00966857453802698,-0.07906303757473537,-0.06301589751067842,-0.1424621583544416,-0.05392659555444373,0.11408738559143043,-0.030261586955848643,0.08367595911979372,0.02674667342719092,-0.0002452871470091137,0.053614182683383194,0.016950256561422572,-0.05172447999292979
