f_id,i_id,disp.ratio_mean_10,ela_distr.number_of_peaks,ela_distr.skewness,ela_level.lda_mda_10,ela_level.lda_mda_25,ela_level.lda_mda_50,ela_level.lda_qda_25,ela_level.lda_qda_50,ela_level.mmce_lda_25,ela_level.mmce_lda_50,ela_level.mmce_mda_10,ela_level.mmce_mda_50,ela_level.mmce_qda_10,ela_level.qda_mda_10,ela_level.qda_mda_25,ela_level.qda_mda_50,ela_meta.lin_simple.coef.max_by_min,ela_meta.lin_simple.coef.min,ela_meta.lin_w_interact.adj_r2,ela_meta.quad_simple.cond,ic.eps.ratio,nbc.nb_fitness.cor,nbc.nn_nb.cor,pca.expl_var.cor_init,pca.expl_var.cov_init,pca.expl_var_PC1.cor_init,pca.expl_var_PC1.cor_x
27.0,1.0,0.045201792504556526,0.01913985670430587,0.12224464772380049,-0.05541200907079539,0.016382610307215065,-0.02664242750484258,-0.0035163830836521834,-0.024886569431140662,0.013618954429160848,-0.01761242349158114,-0.010442776551821893,-0.024411009468660375,-0.0005090052056953417,0.005595145817286443,-0.031623555780706754,-0.009998159415072407,0.029587323818908873,-0.07761503722674064,-0.04273265897792887,0.0699689420314962,0.05371428714073539,0.027217366247496204,0.02119086598344323,0.0016901055179961823,0.09625505260784749,0.02992938877103748,0.04407144033558407
